Species,FunctionalGroup,Duration,Lifeform,Pathway,Taxon,Specid,5Lspecid,Origin,ITISTaxon,ITISRecognizedName,Family,CountSpecies,Comment16 Species Weeds,,,,,996,,,Unknown,,,,,"Used for Exp 141; 16 planted species are taxa 501, 100, 400, 102, 504, 510, 139, 105, 145, 403, 417, 416, 117, 103, 562, 120"Acer negundo,W,Perennial,Woody,C3,317,Acernegu,Acene,Native,28749,Acer negundo,Aceraceae,Y,Acer rubrum,W,Perennial,Woody,C3,324,Acerrubr,Aceru,Native,28728,Acer rubrum,Aceraceae,Y,Acer sp.,W,Perennial,Woody,C3,359,Acersp,Acesp,Unknown,,,Aceraceae,Y,Achillea millefolium(lanulosa),F,Perennial,Non-legume forb,C3,501,Achimill,Achmi,Native,35423,Achillea millefolium,Asteraceae,Y,Achillea sp.,F,Perennial,Non-legume forb,C3,571,Achillsp,Achsp,Unknown,,,Asteraceae,Y,Agastache foeniculum,F,Perennial,Non-legume forb,C3,572,Agasfoen,Agafo,Native,32440,Agastache foeniculum,Lamiaceae,Y,Agrimonia sp.,,,,,1010,,,,,,,,Agropyron repens,C3,Perennial,Grass,C3,100,Agrorepe,Agrre,Introduced,40382,Agropyron repens,Poaceae,Y,Agropyron smithii,C3,Perennial,Grass,C3,108,Agrosmit,Agrsm,Native,40385,Agropyron smithii,Poaceae,Y,Agrostis alba,C3,Perennial,Grass,C3,142,Agroalba,Agral,Introduced,40390,Agrostis alba,Poaceae,Y,Agrostis scabra,C3,Perennial,Grass,C3,101,Agroscab,Agrsc,Native,40424,Agrostis scabra,Poaceae,Y,Agrostis sp.,C3,Perennial,Grass,C3,136,Agrostsp,Agrsp,Unknown,,,Poaceae,Y,Allium cernuum,F,,Non-legume forb,C3,720,Allicern,Allce,Native,42721,Allium cernuum,Lilliaceae,Y,Allium sp.,F,,Non-legume forb,C3,770,Alliumsp,Allsp,Unknown,,,Lilliaceae,Y,Allium stellatum,F,Perennial,Non-legume forb,C3,582,Allistel,Allst,Native,42669,Allium stellatum,Lilliaceae,Y,Alnus incana,W,Perennial,Woody,C3,382,Alnuinca,Alnin,Native,,,,Y,Alnus rugosa,W,Perennial,Woody,C3,327,Alnurugo,Alnru,Native,19475,Alnus rugosa,Betulaceae,Y,Amaranthus retroflexus,F,Annual,Non-legume forb,C4,768,Amarretr,Amare,Introduced,20745,Amaranthus retroflexus,Amaranthaceae,Y,Ambrosia artemisiifolia elatior,F,Annual,Non-legume forb,C3,503,Ambrarte,Ambar,Native,182420,Ambrosia artemisiifolia elatior,Asteraceae,Y,Ambrosia coronopifolia,F,Perennial,Non-legume forb,C3,502,Ambrcoro,Ambco,Native,182425,Ambrosia coronopifolia,Asteraceae,Y,Amelanchier alnifolia,,,,,1012,,,,,,,,Amelanchier arborea,,,,,1013,,,,,,,,Amelanchier humilis,,,,,1014,,,,,,,,Amelanchier intermedia,,,,,1015,,,,,,,,Amelanchier laevis,,,,,1016,,,,,,,,Amelanchier sanguinea,,,,,1017,,,,,,,,Amelanchier sp.,W,Perennial,Woody,C3,334,Amelansp,Amesp,Native,,,Rosaceae,Y,Amorpha canescens,L,Perennial,Legume,C3,400,Amorcane,Amoca,Native,25371,Amorpha canescens,Fabaceae,Y,Amphicarpa bracteata,L,Annual,Legume,C3,401,Amphbrac,Ampbr,Introduced,25388,Amphicarpa bracteata,Fabaceae,Y,Andropogon gerardi,C4,Perennial,Grass,C4,102,Andrgera,Andge,Native,40462,Andropogon gerardii,Poaceae,Y,Anemone cylindrica,F,Perennial,Non-legume forb,C3,504,Anemcyli,Anecy,Native,18438,Anemone cylindrica,Ranunculaceae,Y,Anemone patens,F,Perennial,Non-legume forb,C3,721,Anempate,Anepa,Native,508854,Anemone patens,Ranunculaceae,Y,Anemone quinquefolia,F,Perennial,Non-legume forb,C3,751,Anemquin,Anequ,Native,18448,Anemone quinquefolia,Ranunculaceae,Y,Anemone virginiana,F,Perennial,Non-legume forb,C3,611,Anemvirg,Anevi,Native,18451,Anemone virginiana,Ranunculaceae,Y,Annuals,,Annual,,,981,Annuals,Annua,Unknown,,,,Y,Antennaria fallax,F,Perennial,Non-legume forb,C3,622,Antefall,Antfa,Native,36729,Antennaria fallax,Asteraceae,Y,Antennaria neglecta,F,Perennial,Non-legume forb,C3,505,Antenegl,Antne,Native,36745,Antennaria neglecta,Asteraceae,Y,Antennaria plantaginifolia,F,Perennial,Non-legume forb,C3,662,Anteplan,Antpl,Native,36717,Antennaria plantaginifolia,Asteraceae,Y,Antennaria sp.,F,Perennial,Non-legume forb,C3,645,Antennsp,Antsp,Native,,,Asteraceae,Y,Apocynum androsaemifolium,F,Perennial,Non-legume forb,C3,708,Apocandr,Apoan,Native,30156,Apocynum androsaemifolium,Apocynaceae,Y,Apocynum cannabinum,F,Perennial,Non-legume forb,C3,573,Apoccann,Apoca,Native,30157,Apocynum cannabinum,Apocynaceae,Y,Apocynum sibiricum,,,,,1018,,,,,,,,Apocynum sp.,F,Perennial,Non-legume forb,C3,663,Apocynsp,Aposp,Unknown,,,Apocynaceae,Y,Aquilegia canadensis,F,Perennial,Non-legume forb,C3,639,Aquicana,Aquca,Native,18730,Aquilegia canadensis,Ranunculaceae,Y,Arabis divaricarpa,F,Biennial,Non-legume forb,C3,574,Arabdiva,Aradi,Native,22688,Arabis divaricarpa,Brassicaceae,Y,Arabis glabra,F,Biennial,Non-legume forb,C3,575,Arabglab,Aragl,Native,22695,Arabis glabra,Brassicaceae,Y,Arabis hirsuta,F,Biennial,Non-legume forb,C3,617,Arabhirs,Arahi,Native,184344,Arabis hirsuta,Brassicaceae,Y,Arabis sp.,F,Biennial,Non-legume forb,C3,506,Arabissp,Arasp,Unknown,,,Brassicaceae,Y,Aralia nudicaulis,F,Perennial,Non-legume forb,C3,667,Aralnudi,Aranu,Native,29376,Aralia nudicaulis,Araliaceae,Y,Arenaria lateriflora,F,Perennial,Non-legume forb,C3,576,Arenlate,Arela,Native,509055,Arenaria lateriflora,Caryophyllaceae,Y,Aristida basiramea,C4,Annual,Grass,C4,123,Arisbasi,Ariba,Native,41412,Aristida basiramea,Poaceae,Y,Aristida sp.,C4,Annual,Grass,C4,138,Aristisp,Arisp,Unknown,,,Poaceae,Y,Aristida tuberculosa,C4,Annual,Grass,C4,154,Aristube,Aritu,Native,41436,Aristida tuberculosa,Poaceae,Y,Aronia melanocarpa,W,Perennial,Woody,C3,353,Aronmela,Arome,Native,25127,Aronia melanocarpa,Rosaceae,Y,Artemisia (caudata) campestris,F,Biennial,Non-legume forb,C3,507,Artecaud,Artca,Native,183748,Artemisia campestris,Asteraceae,Y,Artemisia ludoviciana,F,Perennial,Non-legume forb,C3,508,Arteludo,Artlu,Native,35474,Artemisia ludoviciana,Asteraceae,Y,Artemisia sp.,F,,Non-legume forb,C3,772,Artemisp,Artsp,Unknown,,,Asteraceae,Y,Asclepias exaltata,,,,,1019,,,,,,,,Asclepias incarnata,F,Perennial,Non-legume forb,C3,500,Asclinca,Ascin,Native,30241,Asclepias incarnata,Asclepiaceae,Y,Asclepias ovalifolia,F,Perennial,Non-legume forb,C3,577,Ascloval,Ascov,Native,30291,Asclepias ovalifolia,Asclepiaceae,Y,Asclepias sp.,F,Perennial,Non-legume forb,C3,609,Asclepsp,Ascsp,Unknown,,,Asclepiaceae,Y,Asclepias syriaca,F,Perennial,Non-legume forb,C3,509,Asclsyri,Ascsy,Native,30310,Asclepias syriaca,Asclepiaceae,Y,Asclepias tuberosa,F,Perennial,Non-legume forb,C3,510,Ascltube,Asctu,Native,30313,Asclepias tuberosa,Asclepiaceae,Y,Asclepias verticillata,F,Perennial,Non-legume forb,C3,621,Asclvert,Ascve,Native,30320,Asclepias verticillata,Asclepiaceae,Y,Asclepias viridiflora,F,Perennial,Non-legume forb,C3,782,Asclviri,Ascvi,Native,30322,Asclepias viridiflora,Asclepiaceae,Y,Asparagus officinalis,F,Perennial,Non-legume forb,C3,654,Aspaoffi,Aspof,Introduced,42784,Asparagus officinalis,Lilliaceae,Y,Aster azureus,F,Perennial,Non-legume forb,C3,512,Asteazur,Astaz,Native,35528,Aster azureus,Asteraceae,Y,Aster ericoides,F,Perennial,Non-legume forb,C3,511,Asteeric,Aster,Native,35564,Aster ericoides,Asteraceae,Y,Aster junciformis,F,Perennial,Non-legume forb,C3,632,Astejunc,Astju,Native,35596,Aster junciformis,Asteraceae,Y,Aster lanceolatus (var. simplex),,,,,1020,,,,,,,,Aster macrophyllus,,,,,1021,,,,,,,,Aster novae-angliae,F,Perennial,Non-legume forb,C3,722,Astenova,Astno,Native,35613,Aster novae-angliae,Asteraceae,Y,Aster ptarmicoides,F,Perennial,Non-legume forb,C3,723,Asteptar,Astpt,Native,509304,Aster ptarmicoides,Asteraceae,Y,Aster puniceus,F,Perennial,Non-legume forb,C3,702,Astepuni,Astpu,Native,35512,Aster puniceus,Asteraceae,Y,Aster simplex,F,Perennial,Non-legume forb,C3,643,Astesimp,Astsi,Native,35514,Aster simplex,Asteraceae,Y,Aster sp.,F,Perennial,Non-legume forb,C3,578,Astersp,Astsp,Native,,,Asteraceae,Y,Aster umbellatus,F,Perennial,Non-legume forb,C3,646,Asteumbe,Astum,Native,35671,Aster umbellatus,Asteraceae,Y,Astragalus canadensis,L,Perennial,Legume,C3,411,Astrcana,Astca,Native,25451,Astragalus canadensis,Fabaceae,Y,Athyrium angustum,O,Perennial,,C3,14,Athyangu,Athan,Native,192161,Athyrium angustum,Aspleniaceae,Y,Baptisia leucantha,L,Perennial,Legume,C3,415,Baptleuc,Baple,Native,192833,Baptisia leucantha,Fabaceae,Y,Barbarea vulgaris,F,Annual,Non-legume forb,C3,774,Barbvulg,Barvu,Introduced,22741,Barbarea vulgaris,Brassicaceae,Y,Bare ground,BG,,,,0,Baregrou,Bargr,Unknown,,,,N,Berteroa incana,F,Biennial,Non-legume forb,C3,513,Bertinca,Berin,Introduced,23052,Berteroa incana,Brassicaceae,Y,Betula allegheniensis,,,,,1005,,,,,,,,Betula papyrifera,W,Perennial,Woody,C3,330,Betupapy,Betpa,Native,19489,Betula papyrifera,Betulaceae,Y,Betula pumila,W,Perennial,Woody,C3,331,Betupumi,Betpu,Native,19498,Betula pumila,Betulaceae,Y,Bidens cernua,F,Annual,Non-legume forb,C3,647,Bidecern,Bidce,Native,35710,Bidens cernua,Asteraceae,Y,Bidens coronata,F,Biennial,Non-legume forb,C3,648,Bidecoro,Bidco,Native,35706,Bidens coronata,Asteraceae,Y,Bidens sp.,F,,Non-legume forb,C3,669,Bidenssp,Bidsp,Unknown,,,Asteraceae,Y,Bidens tripartita,F,Annual,Non-legume forb,C3,649,Bidetrip,Bidtr,Introduced,35709,Bidens tripartita,Asteraceae,Y,Botrichium sp.,O,Perennial,,C3,6,Botricsp,Botsp,Native,,Botrychium sp.,Ophioglossaceae,Y,Bouteloua curtipendula,C4,Perennial,Grass,C4,151,Boutcurt,Boucu,Native,41500,Bouteloua curtipendula,Poaceae,Y,Bouteloua gracilis,C4,Perennial,Grass,C4,139,Boutgrac,Bougr,Native,41493,Bouteloua gracilis,Poaceae,Y,Bouteloua hirsuta,C4,Perennial,Grass,C4,104,Bouthirs,Bouhi,Native,41502,Bouteloua hirsuta,Poaceae,Y,Bouteloua sp.,C4,,Grass,C4,163,Boutelsp,Bousp,Native,,,Poaceae,Y,Bromus ciliatus,C3,Perennial,Grass,C3,156,Bromcili,Broci,Native,40496,Bromus ciliatus,Poaceae,Y,Bromus inermis,C3,Perennial,Grass,C3,105,Brominer,Broin,Introduced,40502,Bromus inermis,Poaceae,Y,Bromus kalmii,C3,Perennial,Grass,C3,161,Bromkalm,Broka,Native,40503,Bromus kalmii,Poaceae,Y,Bromus sp.,C3,Perennial,Grass,C3,124,Bromussp,Brosp,Introduced,,,Poaceae,Y,Bromus tectorum,C3,Perennial,Grass,C3,172,Bromtect,Brote,Introduced,40524,Bromus tectorum,Poaceae,Y,Buchloe dactyloides,C4,Perennial,Grass,C4,130,Buchdact,Bucda,Native,41533,Buchloe dactyloides,Poaceae,Y,Calamagrostis canadensis,C3,Perennial,Grass,C3,125,Calacana,Calca,Native,40544,Calamagrostis canadensis,Poaceae,Y,Calamagrostis inexpansa,C3,Perennial,Grass,C3,147,Calainex,Calin,Native,40551,Calamagrostis inexpansa,Poaceae,Y,Calamagrostis sp.,C3,Perennial,Grass,C3,157,Calamasp,Calsp,Unknown,,,Poaceae,Y,Calamovilfa longifolia,C4,Perennial,Grass,C4,126,Calalong,Callo,Native,41539,Calamovilfa longifolia,Poaceae,Y,Calamovilfa sp.,C4,Perennial,Grass,C4,127,Calamosp,Calsp,Native,,,Poaceae,Y,Caltha palustris,F,Perennial,Non-legume forb,C3,724,Caltpalu,Calpa,Native,18454,Caltha palustris,Ranunculaceae,Y,Campanula aparinoides,F,Perennial,Non-legume forb,C3,674,Campapar,Camap,Native,34476,Campanula aparinoides,Campanulaceae,Y,Campanula rotundifolia,F,Perennial,Non-legume forb,C3,579,Camprotu,Camro,Native,34497,Campanula rotundifolia,Campanulaceae,Y,Campanula sp.,F,,Non-legume forb,C3,748,Campansp,Camsp,Unknown,,,Campanulaceae,Y,Canopy cover,,,,,809,Canocove,Canco,Unknown,,,,N,Capsella bursa-pastoris,F,Annual,Non-legume forb,C3,773,Capsburs,Capbu,Introduced,22766,Capsella bursa-pastoris,Brassicaceae,Y,Carex bebbii,S,Perennial,Sedge,C3,219,Carebebb,Carbe,Native,39520,Carex bebbii,Cyperaceae,Y,Carex Bicknelli,,,,,1023,,,,,,,,Carex canescens,S,Perennial,Sedge,C3,203,Carecane,Carca,Native,39447,Carex canescens,Cyperaceae,Y,Carex cephalantha,S,Perennial,Sedge,C3,216,Careceph,Carce,Native,510172,Carex cephalantha,Cyperaceae,Y,Carex chordorrhiza,S,Perennial,Sedge,C3,204,Carechor,Carch,Native,39547,Carex chordorrhiza,Cyperaceae,Y,Carex comosa,S,Perennial,Sedge,C3,205,Carecomo,Carco,Native,39384,Carex comosa,Cyperaceae,Y,Carex diandra,S,Perennial,Sedge,C3,206,Caredian,Cardi,Native,39448,Carex diandra,Cyperaceae,Y,Carex disperma,S,Perennial,Sedge,C3,207,Caredisp,Cardi,Native,39577,Carex disperma,Cyperaceae,Y,Carex foenea,S,Perennial,Sedge,C3,201,Carefoen,Carfo,Native,39607,Carex foenea,Cyperaceae,Y,Carex gracillima,S,Perennial,Sedge,C3,220,Caregrac,Cargr,Native,39620,Carex gracillima,Cyperaceae,Y,Carex haydenii,S,Perennial,Sedge,C3,208,Carehayd,Carha,Native,39630,Carex haydenii,Cyperaceae,Y,Carex interior,S,Perennial,Sedge,C3,217,Careinte,Carin,Native,39652,Carex interior,Cyperaceae,Y,Carex lacustris,S,Perennial,Sedge,C3,209,Carelacu,Carla,Native,39409,Carex lacustris,Cyperaceae,Y,Carex lanuginosa,S,Perennial,Sedge,C3,210,Carelanu,Carla,Native,39458,Carex lanuginosa,Cyperaceae,Y,Carex lasiocarpa,S,Perennial,Sedge,C3,211,Carelasi,Carla,Native,39459,Carex lasiocarpa,Cyperaceae,Y,Carex muhlenbergii,S,Perennial,Sedge,C3,218,Caremuhl,Carmu,Native,39423,Carex muehlenbergii,Cyperaceae,Y,Carex oligosperma,S,Perennial,Sedge,C3,212,Careolig,Carol,Native,39729,Carex oligosperma,Cyperaceae,Y,Carex pensylvanicus,S,Perennial,Sedge,C3,202,Carepens,Carpe,Native,39749,Carex pensylvanica,Cyperaceae,Y,Carex rostrata,S,Perennial,Sedge,C3,213,Carerost,Carro,Native,39464,Carex rostrata,Cyperaceae,Y,Carex scoparia,S,Perennial,Sedge,C3,214,Carescop,Carsc,Native,39432,Carex scoparia,Cyperaceae,Y,Carex sp.,S,Perennial,Sedge,C3,200,Carexsp,Carsp,Native,,,Cyperaceae,Y,Carex stricta,S,Perennial,Sedge,C3,215,Carestri,Carst,Native,39435,Carex stricta,Cyperaceae,Y,Cassia fasciculata,L,Perennial,Legume,C3,421,Cassfasc,Casfa,Native,25736,Cassia fasciculata,Fabaceae,Y,Ceanothus americanus,W,Perennial,Woody,C3,325,Ceanamer,Ceaam,Native,28454,Ceanothus americanus,Rhamnaceae,Y,Celastrus scandens,W,Perennial,Woody,C3,341,Celascan,Celsc,Native,27974,Celastrus scandens,Celastraceae,Y,Cenchrus longispinus,C4,Annual,Grass,C4,106,Cenclong,Cenlo,Native,40570,Cenchrus longispinus,Poaceae,Y,Chamaedaphne calyculata,W,Perennial,Woody,C3,337,Chamcaly,Chaca,Native,23637,Chamaedaphne calyculata,Ericaceae,Y,Chenopodium album,F,Annual,Non-legume forb,C3,514,Chenalbu,Cheal,Introduced,20592,Chenopodium album,Chenopodiaceae,Y,Chenopodium hybridum,F,Annual,Non-legume forb,Cx,764,Chenhybr,Chehy,Native,20639,Chenopodium hybridum,Chenopodiaceae,Y,Chenopodium leptophyllum,F,Annual,Non-legume forb,C3,515,Chenlept,Chele,Native,20616,Chenopodium leptophyllum,Chenopodiaceae,Y,Chenopodium sp.,F,,Non-legume forb,C3,757,Chenopsp,Chesp,Unknown,,,Chenopodiaceae,Y,Chrysopsis villosa,F,Perennial,Non-legume forb,C3,516,Chryvill,Chrvi,Native,510984,Chrysopsis villosa,Asteraceae,Y,Cicuta bulbifera,F,Perennial,Non-legume forb,C3,676,Cicubulb,Cicbu,Native,29459,Cicuta bulbifera,Apiaceae,Y,Circaea lutetiana,F,Perennial,Non-legume forb,C3,781,Circlute,Cirlu,Native,27568,Circaea lutetiana,Onagraceae,Y,Circaea quadrisulcata,,,,,1024,,,,,,,,Cirsium arvense,F,Perennial,Non-legume forb,C3,580,Cirsarve,Cirar,Introduced,36335,Cirsium arvense,Asteraceae,Y,Cirsium discolor,F,,Non-legume forb,C3,763,Cirsdisc,Cirdi,Native,36362,Cirsium discolor,Asteraceae,Y,Cirsium sp.,F,Perennial,Non-legume forb,C3,616,Cirsiusp,Cirsp,Unknown,,,Asteraceae,Y,Cladonia Lichens,,,,,1025,,,,,,,,Comandra richardsiana,F,Perennial,Non-legume forb,C3,581,Comarich,Comri,Native,511249,Comandra richardsiana,Santalaceae,Y,Comandra umbellata,,,,,1026,,,,,,,,Convolvulus arvensis,F,Perennial,Non-legume forb,C3,517,Convarve,Conar,Introduced,30705,Convolvulus arvensis,Convolvulaceae,Y,Conyza canadensis,,,,,1027,,,,,,,,Coreopsis palmata,F,Perennial,Non-legume forb,C3,518,Corepalm,Corpa,Native,37148,Coreopsis palmata,Asteraceae,Y,Corn litter,,,,,90,Cornlitt,Corli,,,,,,Cornus alternifolia,W,Perennial,Woody,C3,379,Cornalte,Coral,Native,,,,Y,Cornus racemosa,W,Perennial,Woody,C3,339,Cornrace,Corra,Native,501635,Cornus racemosa,Cornaceae,Y,Cornus sp.,W,Perennial,Woody,C3,340,Cornussp,Corsp,Unknown,,,Cornaceae,Y,Cornus stolonifera,W,Perennial,Woody,C3,322,Cornstol,Corst,Native,27818,Cornus stolonifera,Cornaceae,Y,Corylus americanus,W,Perennial,Woody,C3,313,Coryamer,Coram,Native,19506,Corylus americana,Betulaceae,Y,Cotyledons,,,,,810,Cotyled,Cotyl,Unknown,,,,Y,Crepis tectorum,F,Annual,Non-legume forb,C3,519,Creptect,Crete,Introduced,37212,Crepis tectorum,Asteraceae,Y,Cryptogams,,,,,50,Cryptog,Crypt,Unknown,,,,N,Cycloloma atriplicifolium,F,,Non-legume forb,Cx,765,Cyclatri,Cycat,Native,20685,Cycloloma atriplicifolium,Chenopodiaceae,Y,Cyperus filiculmis,S,Perennial,Sedge,C4,230,Cypefili,Cypfi,Native,39890,Cyperus filiculmis,Cyperaceae,Y,Cyperus schweinitzii,S,Perennial,Sedge,C4,232,Cypeschw,Cypsc,Native,39963,Cyperus schweinitzii,Cyperaceae,Y,Cyperus sp.,S,Perennial,Sedge,C4,231,Cyperusp,Cypsp,Native,,,Cyperaceae,Y,Cyperus strigosus,S,Perennial,Sedge,C4,233,Cypestri,Cypst,Native,39901,Cyperus strigosus,Cyperaceae,Y,Danthonia spicata,C3,Perennial,Grass,C3,162,Dantspic,Dansp,Native,41642,Danthonia spicata,Poaceae,Y,Delphinium virescens,F,Perennial,Non-legume forb,C3,520,Delpvire,Delvi,Native,18524,Delphinium virescens,Ranunculaceae,Y,Desmodium canadense,L,Perennial,Legume,C3,407,Desmcana,Desca,Native,25791,Desmodium canadense,Fabaceae,Y,Desmodium glutinosum,L,Perennial,Legume,C3,783,Desmglut,Desgl,Native,25800,Desmodium glutinosum,Fabaceae,Y,Digitaria ischaemum,C4,Annual,Grass,C4,135,Digiisch,Digis,Introduced,40637,Digitaria ischaemum,Poaceae,Y,Digitaria sanguinalis,C4,Annual,Grass,C4,129,Digisang,Digsa,Introduced,40604,Digitaria sanguinalis,Poaceae,Y,Digitaria sp.,C4,Annual,Grass,C4,164,Digitasp,Digsp,Unknown,,,Poaceae,Y,Disturbance,,,,,805,Disturb,Distu,Unknown,,,,N,Dryopteris cristata,O,Perennial,,C3,8,Dryocris,Drycr,Native,17531,Dryopteris cristata,Aspleniaceae,Y,Dryopteris spinulosa,,,,,1028,,,,,,,,Dulichium arundinaceum,S,Perennial,Sedge,C3,234,Duliarun,Dular,Native,40009,Dulichium arundinaceum,Cyperaceae,Y,Echinacea purpurea,F,Perennial,Non-legume forb,C3,725,Echipurp,Echpu,Native,37281,Echinacea purpurea,Asteraceae,Y,Eleocharis sp.,S,,Sedge,C3,235,Eleochsp,Elesp,Unknown,,,Cyperaceae,Y,Elymus canadensis,C3,Perennial,Grass,C3,140,Elymcana,Elyca,Native,40683,Elymus canadensis,Poaceae,Y,Elymus trachycaulus,,,,,1029,,,,,,,,Epilobium angustifolium,F,Perennial,Non-legume forb,C3,726,Epilangu,Epian,Native,27284,Epilobium angustifolium,Onagraceae,Y,Epilobium ciliatum,F,Perennial,Non-legume forb,C3,709,Epilcili,Epici,Native,27293,Epilobium ciliatum,Onagraceae,Y,Epilobium glandulosum,F,Perennial,Non-legume forb,C3,767,Epilglan,Epigl,Native,512918,Epilobium glandulosum,Onagraceae,Y,Epilobium leptophyllum,F,,Non-legume forb,C3,677,Epillept,Epile,Native,27311,Epilobium leptophyllum,Onagraceae,Y,Epilobium sp.,F,,Non-legume forb,C3,678,Epilobsp,Episp,Unknown,,,Onagraceae,Y,Equisetum arvense,O,Perennial,,C3,7,Equiarve,Equar,Native,17152,Equisetum arvense,Equisetaceae,Y,Equisetum hyemale,O,Perennial,,C3,18,Equihyem,Equhy,Native,17154,Equisetum hyemale,Equisetaceae,Y,Equisetum laevigatum,O,Perennial,,C3,1,Equilaev,Equla,Native,17156,Equisetum laevigatum,Equisetaceae,Y,Equisetum sp.,O,,,C3,16,Equisesp,Equsp,Unknown,,,Equisetaceae,Y,Eragrostis spectabilis,C4,Perennial,Grass,C4,107,Eragspec,Erasp,Native,40717,Eragrostis spectabilis,Poaceae,Y,Eragrostis trichodes,C4,Perennial,Grass,C4,171,Eragtric,Eratr,Native,40768,Eragrostis trichodes,Poaceae,Y,Erechtites hieracifolia,F,Annual,Non-legume forb,C3,679,Erechier,Erehi,Native,505920,Erechtites hieracifolia,Asteraceae,Y,Erigeron anuus,F,Annual,Non-legume forb,C3,635,Eriganuu,Erian,Native,35804,Erigeron annuus,Asteraceae,Y,Erigeron canadensis,F,Annual,Non-legume forb,C3,521,Erigcana,Erica,Introduced,196266,Erigeron canadensis,Asteraceae,Y,Erigeron sp.,F,Annual,Non-legume forb,C3,619,Erigersp,Erisp,Unknown,,,Asteraceae,Y,Erigeron strigosus,F,Annual,Non-legume forb,C3,522,Erigstri,Erist,Native,35951,Erigeron strigosus,Asteraceae,Y,Eupatorium maculatum,F,Perennial,Non-legume forb,C3,627,Eupamacu,Eupma,Native,502517,Eupatorium maculatum,Asteraceae,Y,Eupatorium perfoliatum,F,Perennial,Non-legume forb,C3,681,Eupaperf,Euppe,Native,35980,Eupatorium perfoliatum,Asteraceae,Y,Eupatorium rugosum,,,,,1030,,,,,,,,Euphorbia (supina) maculata,F,Annual,Non-legume forb,C4,525,Euphsupi,Eupsu,Native,565768,Euphorbia maculata,Euphorbiaceae,Y,Euphorbia corollata,F,Perennial,Non-legume forb,C3,523,Euphcoro,Eupco,Native,28057,Euphorbia corollata,Euphorbiaceae,Y,Euphorbia geyeri,F,Annual,Non-legume forb,C4,706,Euphgeye,Eupge,Native,28073,Euphorbia geyeri,Euphorbiaceae,Y,Euphorbia glyptosperma,F,Annual,Non-legume forb,C4,524,Euphglyp,Eupgl,Native,28074,Euphorbia glyptosperma,Euphorbiaceae,Y,Euphorbia sp.,F,Annual,Non-legume forb,Cx,583,Euphorsp,Eupsp,Unknown,,,Euphorbiaceae,Y,Euthamia graminifolia,,,,,1031,,,,,,,,Festuca ovina,C3,Perennial,Grass,C3,170,Festovin,Fesov,Introduced,565873,Festuca ovina,Poaceae,Y,Festuca rubra,C3,Perennial,Grass,C3,169,Festrubr,Fesru,Introduced,40796,Festuca rubra,Poaceae,Y,Festuca sp.,C3,Perennial,Grass,C3,167,Festucsp,Fessp,Unknown,,,Poaceae,Y,Forb seedlings,O,,,,808,Forbseed,Forse,Unknown,,,,Y,Forbs,F,,Non-legume forb,,940,Forbs,Forbs,Unknown,,,,Y,Fragaria sp.,F,Perennial,Non-legume forb,C3,710,Fragarsp,Frasp,Unknown,,,Rosaceae,Y,Fragaria vesca (americana),F,Perennial,Non-legume forb,C3,625,Fragvesc,Frave,Native,513637,Fragaria americana,Rosaceae,Y,Fragaria virginiana,F,Perennial,Non-legume forb,C3,526,Fragvirg,Fravi,Native,24639,Fragaria virginiana,Rosaceae,Y,Fraxinus americana,,,,,1004,,,,,,,,Fraxinus nigra,W,Perennial,Woody,C3,366,Fraxnigr,Frani,Native,32945,Fraxinus nigra,Oleaceae,Y,Fraxinus pennsylvanica,W,Perennial,Woody,C3,329,Fraxpenn,Frape,Native,32929,Fraxinus pennsylvanica,Oleaceae,Y,Fruits & seeds,,,,,802,Fruiseed,Fruit,Unknown,,,,N,Fungi,,,,,97,Fungi,Fungi,Unknown,,,,N,Galium aparine,F,Annual,Non-legume forb,C3,665,Galiapar,Galap,Native,34797,Galium aparine,Rubiaceae,Y,Galium boreale,F,Perennial,Non-legume forb,C3,527,Galibore,Galbo,Native,565204,Galium boreale,Rubiaceae,Y,Galium sp.,F,Perennial,Non-legume forb,C3,644,Galiumsp,Galsp,Native,,,Rubiaceae,Y,Galium trifidum,F,Perennial,Non-legume forb,C3,711,Galitrif,Galtr,Native,34806,Galium trifidum,Rubiaceae,Y,Galium triflorum,F,Perennial,Non-legume forb,C3,657,Galitri2,Galtr,Native,34933,Galium triflorum,Rubiaceae,Y,Gentiana andrewsii,F,Perennial,Non-legume forb,C3,727,Gentandr,Genan,Native,29967,Gentiana andrewsii,Gentianaceae,Y,Geranium maculatum,F,Perennial,Non-legume forb,C3,682,Geramacu,Germa,Native,29107,Geranium maculatum,Geraniaceae,Y,Glechoma hederacea,,,,,1032,,,,,,,,Glyceria grandis,C3,Perennial,Grass,C3,150,Glycgran,Glygr,Native,502812,Glyceria grandis,Poaceae,Y,Glyceria sp.,C3,Perennial,Grass,C3,155,Glycersp,Glysp,Unknown,,,Poaceae,Y,Gnaphalium obtusifolium,F,Biennial,Non-legume forb,C3,528,Gnapobtu,Gnaob,Native,36694,Gnaphalium obtusifolium,Asteraceae,Y,Gnaphalium sp.,F,Biennial,Non-legume forb,C3,641,Gnaphasp,Gnasp,Unknown,,,Asteraceae,Y,Gnaphalium uliginosum,,,,,1033,,,,,,,,Grass seedlings,O,,,,807,Grasseed,Grase,Unknown,,,,Y,Grasses,G,,Grass,,920,Grasses,Grass,Unknown,,,Poaceae,Y,Green matter (alive),,,,,800,Greematt,Grema,Unknown,,,,N,Gymnocarpium dryopteris,O,Perennial,,C3,17,Gymndryo,Gymdr,Native,17579,Gymnocarpium dryopteris,Aspleniaceae,Y,Habenaria lacera,F,Perennial,Non-legume forb,C3,747,Habelace,Habla,Native,43401,Habenaria lacera,Orchidaceae,Y,Hackelia americana,,,,,1034,,,,,,,,Hedeoma hispida,F,Annual,Non-legume forb,C3,529,Hedehisp,Hedhi,Native,502890,Hedeoma hispida,Lamiaceae,Y,Helenium autumnale,F,Perennial,Non-legume forb,C3,728,Heleautu,Helau,Native,36006,Helenium autumnale,Asteraceae,Y,Helianthemum bicknellii,F,Perennial,Non-legume forb,C3,530,Helibick,Helbi,Native,22259,Helianthemum bicknellii,Cistaceae,Y,Helianthus giganteus,F,Perennial,Non-legume forb,C3,653,Heligiga,Helgi,Native,36612,Helianthus giganteus,Asteraceae,Y,Helianthus hirsutus,F,Perennial,Non-legume forb,C3,584,Helihirs,Helhi,Native,36646,Helianthus hirsutus,Asteraceae,Y,Helianthus laetiflorus,F,Perennial,Non-legume forb,C3,531,Helilaet,Hella,Native,502924,Helianthus laetiflorus,Asteraceae,Y,Helianthus petiolaris,F,Annual,Non-legume forb,C3,729,Helipeti,Helpe,Native,36671,Helianthus petiolaris,Asteraceae,Y,Helianthus sp.,F,Perennial,Non-legume forb,C3,585,Heliansp,Helsp,Unknown,,,Asteraceae,Y,Heliopsis helianthoides,F,Perennial,Non-legume forb,C3,730,Heliheli,Helhe,Native,37605,Heliopsis helianthoides,Asteraceae,Y,Heuchera richardsonii,F,Perennial,Non-legume forb,C3,731,Heucrich,Heuri,Native,24372,Heuchera richardsonii,Saxifragaceae,Y,Hieracium aurantiacum,F,,Non-legume forb,C3,769,Hieraura,Hieau,Introduced,37697,Hieracium aurantiacum,Asteraceae,Y,Hieracium kalmii,F,Perennial,Non-legume forb,C3,675,Hierkalm,Hieka,Native,503023,Hieracium kalmii,Asteraceae,Y,Hieracium longipilum,F,Biennial,Non-legume forb,C3,607,Hierlong,Hielo,Native,37714,Hieracium longipilum,Asteraceae,Y,Hieracium sp.,F,Biennial,Non-legume forb,C3,612,Hieracsp,Hiesp,Unknown,,,Asteraceae,Y,Hierochloe odorata,C3,Perennial,Grass,C3,158,Hierodor,Hieod,Native,565874,Hierochloe odorata,Poaceae,Y,Houstonia longifolia,F,Perennial,Non-legume forb,C3,732,Houslong,Houlo,Native,35045,Houstonia longifolia,Rubiaceae,Y,Hypericum majus,F,Annual,Non-legume forb,C3,684,Hypemaju,Hypma,Native,21446,Hypericum majus,Clusiaceae,Y,Hypoxis hirsuta,F,Perennial,Non-legume forb,C4,532,Hypohirs,Hyphi,Native,503146,Hypoxis hirsuta,Lilliaceae,Y,Ilex sp.,W,Perennial,Woody,C3,369,Ilexsp,Ilesp,Unknown,,,Aquifoliaceae,Y,Ilex verticillata,W,Perennial,Woody,C3,346,Ilexvert,Ileve,Native,27985,Ilex verticillata,Aquifoliaceae,Y,Impatiens capensis,F,,Non-legume forb,C3,685,Impacape,Impca,Native,29182,Impatiens capensis,Balsaminaceae,Y,Introduced,,,,,999,Introdu,Intro,Introduced,,,,Y,Iris versicolor,F,Perennial,Non-legume forb,C3,712,Irisvers,Irive,Native,43196,Iris versicolor,Iridaceae,Y,Juncus sp.,S,Perennial,Sedge,C3,240,Juncussp,Junsp,Unknown,,,Cyperaceae,Y,Juncus tenuis,S,Perennial,Sedge,C3,241,Junctenu,Junte,Native,39243,Juncus tenuis,Cyperaceae,Y,Juniperus communis,W,Perennial,Woody,C3,347,Junicomm,Junco,Native,194820,Juniperus communis,Cupressaceae,Y,Juniperus sp.,W,Perennial,Woody,C3,373,Junipesp,Junsp,Unknown,,,Cupressaceae,Y,Juniperus virginiana,W,Perennial,Woody,C3,372,Junivirg,Junvi,Native,18048,Juniperus virginiana,Cupressaceae,Y,Koeleria cristata,C3,Perennial,Grass,C3,145,Koelcris,Koecr,Native,515476,Koeleria cristata,Poaceae,Y,Krigia biflora,F,Perennial,Non-legume forb,C3,780,Krigbifl,Kribi,Native,37810,Krigia biflora,Asteraceae,Y,Lactuca biennis,F,Biennial,Non-legume forb,C3,671,Lactbien,Lacbi,Native,36597,Lactuca biennis,Asteraceae,Y,Lactuca canadensis,F,Biennial,Non-legume forb,C3,534,Lactcana,Lacca,Native,36596,Lactuca canadensis,Asteraceae,Y,Lactuca serriola (scariola),F,Biennial,Non-legume forb,C3,615,Lactserr,Lacse,Introduced,36608,Lactuca serriola,Asteraceae,Y,Lactuca sp.,F,Biennial,Non-legume forb,C3,634,Lactucsp,Lacsp,Unknown,,,Asteraceae,Y,Larix laricina,W,Perennial,Woody,C3,380,Larilari,Larla,Native,,,,Y,Lathyrus ochroleucus,,,,,1035,,,,,,,,Lathyrus venosus,L,Perennial,Legume,C3,402,Lathveno,Latve,Native,25886,Lathyrus venosus,Fabaceae,Y,Leaves,,,,,804,Leaves,Leave,Unknown,,,,N,Lechea stricta,F,Perennial,Non-legume forb,C3,535,Lechstri,Lecst,Native,22297,Lechea stricta,Cistaceae,Y,Leersia oryzoides,C3,Perennial,Grass,C3,146,Leeroryz,Leeor,Native,40886,Leersia oryzoides,Poaceae,Y,Lemna sp.,F,,Non-legume forb,C3,755,Lemnasp,Lemsp,Unknown,,,Lemnaceae,Y,Lepidium densiflorum,F,Annual,Non-legume forb,C3,536,Lepidens,Lepde,Native,22960,Lepidium densiflorum,Brassicaceae,Y,Lepidium sp.,F,,Non-legume forb,C3,758,Lepidisp,Lepsp,Unknown,,,Brassicaceae,Y,Lepidium virginicum,F,Annual,Non-legume forb,C3,537,Lepivirg,Lepvi,Native,22955,Lepidium virginicum,Brassicaceae,Y,Leptoloma cognatum,C4,Perennial,Grass,C4,168,Leptcogn,Lepco,Native,41830,Leptoloma cognatum,Poaceae,Y,Lespedeza capitata,L,Perennial,Legume,C3,403,Lespcapi,Lesca,Native,25897,Lespedeza capitata,Fabaceae,Y,Liatris aspera,F,Perennial,Non-legume forb,C3,538,Liataspe,Liaas,Native,37909,Liatris aspera,Asteraceae,Y,Liatris ligulistylis,F,Perennial,Non-legume forb,C3,733,Liatligu,Liali,Native,37929,Liatris ligulistylis,Asteraceae,Y,Liatris pycnostachya,F,Perennial,Non-legume forb,C3,734,Liatpycn,Liapy,Native,37937,Liatris pycnostachya,Asteraceae,Y,Lichens,,,,,96,Lichens,Liche,Unknown,,,,N,Liliaceae unknown,,,,,1036,,,,,,,,Linaria vulgaris,F,Perennial,Non-legume forb,C3,636,Linavulg,Linvu,Introduced,33216,Linaria vulgaris,Scrophulariaceae,Y,Lithospermum canescens,F,Perennial,Non-legume forb,C3,539,Lithcane,Litca,Native,31945,Lithospermum canescens,Boraginaceae,Y,Lithospermum caroliniense,F,Perennial,Non-legume forb,C3,540,Lithcaro,Litca,Native,31946,Lithospermum caroliniense,Boraginaceae,Y,Lithospermum sp.,F,Perennial,Non-legume forb,C3,620,Lithossp,Litsp,Unknown,,,Boraginaceae,Y,Lobelia siphilitica,F,Perennial,Non-legume forb,C3,735,Lobesiph,Lobsi,Native,34531,Lobelia siphilitica,Campanulaceae,Y,Lobelia spicata,F,Perennial,Non-legume forb,C3,628,Lobespic,Lobsp,Native,34532,Lobelia spicata,Campanulaceae,Y,Lolium multiflorum,C3,Annual,Grass,C3,173,Lolimult,Lolmu,Introduced,40892,Lolium multiflorum,Poaceae,Y,Lonicera dioica,W,Perennial,Woody,C3,378,Lonidioi,Londi,Native,35290,Lonicera dioica,Caprifoliaceae,Y,Lonicera tatarica,W,Perennial,Woody,C3,343,Lonitata,Lonta,Introduced,35306,Lonicera tatarica,Caprifoliaceae,Y,Ludwigia polycarpa,F,,Non-legume forb,C3,756,Ludwpoly,Ludpo,Native,27361,Ludwigia polycarpa,Onagraceae,Y,Lupinus perennis,L,Perennial,Legume,C3,417,Lupipere,Luppe,Native,26091,Lupinus perennis,Fabaceae,Y,Lupinus sp.,L,,Legume,C3,420,Lupinusp,Lupsp,Unknown,,,Fabaceae,Y,Lychnis alba,F,Perennial,Non-legume forb,C3,541,Lychalba,Lycal,Introduced,516470,Lychnis alba,Caryophyllaceae,Y,Lycopodium complanatum,,,,,1037,,,,,,,,Lycopus americana,F,Perennial,Non-legume forb,C3,686,Lycoamer,Lycam,Native,32254,Lycopus americanus,Lamiaceae,Y,Lycopus sp.,F,Perennial,Non-legume forb,C3,746,Lycopusp,Lycsp,Unknown,,,Lamiaceae,Y,Lycopus uniflorus,F,Perennial,Non-legume forb,C3,688,Lycounif,Lycun,Native,32257,Lycopus uniflorus,Lamiaceae,Y,Lysimachia ciliata,F,Perennial,Non-legume forb,C3,704,Lysicili,Lysci,Native,23984,Lysimachia ciliata,Primulaceae,Y,Lysimachia thyrsiflora,F,Perennial,Non-legume forb,C3,689,Lysithyr,Lysth,Native,24000,Lysimachia thyrsiflora,Primulaceae,Y,Maianthemum canadense,F,Perennial,Non-legume forb,C3,703,Maiacana,Maica,Native,503653,Maianthemum canadense,Lilliaceae,Y,Man made object,,,,,1022,,,,,,,,Medicago lupulina,L,Annual,Legume,C3,414,Medilupu,Medlu,Introduced,503721,Medicago lupulina,Fabaceae,Y,Medicago sativa,L,Perennial,Legume,C3,419,Medisati,Medsa,Introduced,183623,Medicago sativa,Fabaceae,Y,Medicago sp.,L,,Legume,C3,422,Medicasp,Medsp,Introduced,,,Fabaceae,Y,Melilotus alba,L,Biennial,Legume,C3,587,Melialba,Melal,Introduced,26149,Melilotus alba,Fabaceae,Y,Melilotus officinalis,L,Biennial,Legume,C3,588,Melioffi,Melof,Introduced,26150,Melilotus officinalis,Fabaceae,Y,Melilotus sp.,L,Biennial,Legume,C3,589,Melilosp,Melsp,Introduced,,,Fabaceae,Y,Mimulus ringens,F,Perennial,Non-legume forb,C3,760,Mimuring,Mimri,Native,33235,Mimulus ringens,Scrophulariaceae,Y,Mirabilis hirsuta,F,Perennial,Non-legume forb,C3,683,Mirahirs,Mirhi,Native,19647,Mirabilis hirsuta,Nyctaginaceae,Y,Mirabilis nyctaginea,F,Perennial,Non-legume forb,C3,776,Miranyct,Mirny,Native,19655,Mirabilis nyctaginea,Nyctaginaceae,Y,Miscellaneous forb,F,Perennial,Non-legume forb,C3,787,Miscforb,Misfo,Unknown,,,Fabaceae,Y,Miscellaneous grasses,G,,Grass,Cx,199,Miscgras,Misgr,Unknown,,,Poaceae,Y,Miscellaneous grasses 2,G,,Grass,Cx,197,Miscgra2,Misg2,Unknown,,,Poaceae,Y,Miscellaneous herbs,F,,Non-legume forb,,699,Mischerb,Mishe,Unknown,,,,Y,Miscellaneous herbs 2,F,,Non-legume forb,,786,Mischer2,Mish2,Unknown,,,,Y,Miscellaneous legumes,L,,Legume,C3,499,Misclegu,Misle,Unknown,,,Fabaceae,Y,Miscellaneous litter,,,,,99,Misclitt,Misli,Unknown,,,,N,Miscellaneous rushes,S,,Sedge,Cx,198,Miscrush,Misru,Unknown,,,Cyperaceae,Y,Miscellaneous sedges,S,,Sedge,Cx,299,Miscsedg,Misse,Unknown,,,Cyperaceae,Y,Miscellaneous sp.,,,,,98,Miscelsp,Missp,Unknown,,,,Y,Miscellaneous woody plants,W,Perennial,Woody,C3,399,Miscwood,Miswo,Unknown,,,,Y,Mollugo verticillata,F,Annual,Non-legume forb,C4,590,Mollvert,Molve,Introduced,19899,Mollugo verticillata,Molluginaceae,Y,Monarda fistulosa,F,Perennial,Non-legume forb,C3,533,Monafist,Monfi,Native,565311,Monarda fistulosa,Lamiaceae,Y,Monarda punctata,F,Perennial,Non-legume forb,C3,736,Monapunc,Monpu,Native,32279,Monarda punctata,Lamiaceae,Y,Mosses,,,,,95,Mosses,Mosse,Unknown,,,,N,Mosses & lichens,O,,,,3,Mosslich,Mosli,Unknown,,,,N,Mosses & lichens 2,O,,,,2,Mosslic2,Mosl2,Unknown,,,,N,Muhlenbergia racemosa,C4,Perennial,Grass,C4,128,Muhlrace,Muhra,Native,41935,Muhlenbergia racemosa,Poaceae,Y,Native,,,,,992,Native,Nativ,Native,,,,Y,Nepeta cataria,F,Perennial,Non-legume forb,C3,672,Nepecata,Nepca,Introduced,32623,Nepeta cataria,Lamiaceae,Y,Non-vascular,,,,,906,Nonvascu,Nonva,Unknown,,,,N,Oenothera biennis,F,Biennial,Non-legume forb,C3,542,Oenobien,Oenbi,Native,27368,Oenothera biennis,Onagraceae,Y,Oenothera parviflora,F,Biennial,Non-legume forb,C3,629,Oenoparv,Oenpa,Native,504007,Oenothera parviflora,Onagraceae,Y,Oenothera rhombipetala,F,Biennial,Non-legume forb,C3,633,Oenorhom,Oenrh,Native,565330,Oenothera rhombipetala,Onagraceae,Y,Oenothera sp.,F,Biennial,Non-legume forb,C3,637,Oenothsp,Oensp,Unknown,,,Onagraceae,Y,Onoclea sensibilis,O,Perennial,,C3,9,Onocsens,Onose,Native,17637,Onoclea sensibilis,Aspleniaceae,Y,Osmunda cinnamomea,O,Perennial,,C3,10,Osmucinn,Osmci,Native,17219,Osmunda cinnamomea,Osmundaceae,Y,Osmunda claytonii,O,Perennial,,C3,11,Osmuclay,Osmcl,Native,17220,Osmunda claytoniana,Osmundaceae,Y,Osmunda regalis,O,Perennial,,C3,12,Osmurega,Osmre,Native,17218,Osmunda regalis,Osmundaceae,Y,Oxalis sp.,F,Perennial,Non-legume forb,C3,640,Oxalissp,Oxasp,Unknown,,,Oxalidaceae,Y,Oxalis stricta,F,Perennial,Non-legume forb,C3,631,Oxalstri,Oxast,Native,29095,Oxalis stricta,Oxalidaceae,Y,Oxybaphus hirsutus,F,Perennial,Non-legume forb,C3,592,Oxybhirs,Oxyhi,Native,518054,Oxybaphus hirsutus,Nyctaginaceae,Y,Oxybaphus nyctaginea,F,Perennial,Non-legume forb,C3,778,Oxybnyct,Oxyny,Native,19655,Mirabilis nyctaginea,Nyctaginaceae,Y,Panicum capillare,C4,Annual,Grass,C4,109,Panicapi,Panca,Native,40914,Panicum capillare,Poaceae,Y,Panicum lanuginosum,C3,Perennial,Grass,C3,110,Panilanu,Panla,Native,565867,Panicum lanuginosum,Poaceae,Y,Panicum leibergi,C3,Perennial,Grass,C3,141,Panileib,Panle,Native,518307,Panicum leibergii,Poaceae,Y,Panicum miliaceum,G,Annual,Grass,Cx,160,Panimili,Panmi,Introduced,40946,Panicum miliaceum,Poaceae,Y,Panicum oligosanthes,C3,Perennial,Grass,C3,111,Paniolig,Panol,Native,40912,Panicum oligosanthes,Poaceae,Y,Panicum perlongum,C3,Perennial,Grass,C3,112,Paniperl,Panpe,Native,518351,Panicum perlongum,Poaceae,Y,Panicum praecocious,C3,Perennial,Grass,C3,113,Paniprae,Panpr,Native,518358,Panicum praecocius,Poaceae,Y,Panicum sp.,G,Perennial,Grass,Cx,131,Panicusp,Pansp,Native,,,Poaceae,Y,Panicum virgatum,C4,Perennial,Grass,C4,114,Panivirg,Panvi,Native,40913,Panicum virgatum,Poaceae,Y,Parietaria pensylvanica,,,,,1038,,,,,,,,Parthenocissus inserta,W,Perennial,Woody,C3,306,Partinse,Parin,Native,518483,Parthenocissus inserta,Vitaceae,Y,Parthenocissus quinquefolia,,,,,1039,,,,,,,,Parthenocissus sp.,W,Perennial,Woody,C3,345,Parthesp,Parsp,Native,,,Vitaceae,Y,Parthenocissus vitacea,,,,,1008,,,,,,,,Paspalum ciliatifolium,C4,Perennial,Grass,C4,159,Paspcili,Pasci,Native,40991,Paspalum ciliatifolium,Poaceae,Y,Pedicularis canadensis,F,,Non-legume forb,C3,750,Pedicana,Pedca,Native,33362,Pedicularis canadensis,Scrophulariaceae,Y,Pedicularis sp.,F,Perennial,Non-legume forb,C3,666,Pedicusp,Pedsp,Unknown,,,Scrophulariaceae,Y,Penstemon digitalis,F,Perennial,Non-legume forb,C3,737,Pensdigi,Pendi,Native,33881,Penstemon digitalis,Scrophulariaceae,Y,Penstemon gracilis,F,Perennial,Non-legume forb,C3,543,Pensgrac,Pengr,Native,33909,Penstemon gracilis,Scrophulariaceae,Y,Penstemon grandiflorus,F,Perennial,Non-legume forb,C3,544,Pensgran,Pengr,Native,33912,Penstemon grandiflorus,Scrophulariaceae,Y,Penstemon sp.,F,Perennial,Non-legume forb,C3,759,Penstesp,Pensp,Unknown,,,Scrophulariaceae,Y,Penthorum sedoides,F,Perennial,Non-legume forb,C3,614,Pentsedo,Pense,Native,504241,Penthorum sedoides,Crassulaceae,Y,Perennials,,Perennial,,,984,Perenni,Peren,Unknown,,,,Y,Permanently unassigned,,,,,998,Permunas,Perun,Unknown,,,,Y,Petalostemum candidum,L,Perennial,Legume,C3,651,Petacand,Petca,Native,26603,Dalea candida,Fabaceae,Y,Petalostemum purpureum,L,Perennial,Legume,C3,652,Petapurp,Petpu,Native,26642,Dalea purpurea,Fabaceae,Y,Petalostemum sp.,L,Perennial,Legume,C3,418,Petalosp,Petsp,Native,,,Fabaceae,Y,Petalostemum villosum,L,Perennial,Legume,C3,416,Petavill,Petvi,Native,26653,Dalea villosa,Fabaceae,Y,Phalaris arundinacea,C3,Perennial,Grass,C3,115,Phalarun,Phaar,Native and/or Introduced,41335,Phalaris arundinacea,Poaceae,Y,Phleum pratense,C3,Perennial,Grass,C3,116,Phleprat,Phlpr,Introduced,41062,Phleum pratense,Poaceae,Y,Phlox paniculata,F,Perennial,Non-legume forb,C3,762,Phlopani,Phlpa,Introduced,30973,Phlox paniculata,Polemoniaceae,Y,Phlox pilosa,F,Perennial,Non-legume forb,C3,593,Phlopilo,Phlpi,Native,30974,Phlox pilosa,Polemoniaceae,Y,Phlox sp.,F,Perennial,Non-legume forb,C3,545,Phloxsp,Phlsp,Unknown,,,Polemoniaceae,Y,Phryma leptostachya,F,Perennial,Non-legume forb,C3,785,Phrylept,Phrle,Native,504348,Phryma leptostachya,Phrymaceae,Y,Physalis heterophylla,F,Perennial,Non-legume forb,C3,594,Physhete,Phyhe,Native,30601,Physalis heterophylla,Solanaceae,Y,Physalis sp.,F,Perennial,Non-legume forb,C3,642,Physalsp,Physp,Unknown,,,Solanaceae,Y,Physalis virginiana,F,Perennial,Non-legume forb,C3,546,Physvirg,Phyvi,Native,30612,Physalis virginiana,Solanaceae,Y,Picea sp.,W,Perennial,Woody,C3,361,Piceasp,Picsp,Unknown,,,Pinaceae,Y,Pilea pumila,F,Annual,Non-legume forb,C3,690,Pilepumi,Pilpu,Native,19130,Pilea pumila,Urticaceae,Y,Pine cones,,,,,93,Pinecone,Pinco,Unknown,,,,N,Pine needles,,,,,94,Pineneed,Pinne,Unknown,,,,N,Pinus banksiana,W,Perennial,Woody,C3,365,Pinubank,Pinba,Native,183319,Pinus banksiana,Pinaceae,Y,Pinus resinosa,W,Perennial,Woody,C3,374,Pinuresi,Pinre,Native,183375,Pinus resinosa,Pinaceae,Y,Pinus sp.,W,Perennial,Woody,C3,355,Pinussp,Pinsp,Unknown,,,Pinaceae,Y,Pinus strobus,W,Perennial,Woody,C3,323,Pinustro,Pinst,Native,183385,Pinus strobus,Pinaceae,Y,Plantago (purshii) patagonica,F,Annual,Non-legume forb,C3,638,Planpurs,Plapu,Native,32907,Plantago patagonica,Plantaginaceae,Y,Plantago lanceolata,F,Perennial,Non-legume forb,C3,595,Planlanc,Plala,Introduced,32874,Plantago lanceolata,Plantaginaceae,Y,Plantago major,,,,,1040,,,,,,,,Poa compressa,C3,Perennial,Grass,C3,143,Poacompr,Poaco,Introduced,41082,Poa compressa,Poaceae,Y,Poa palustris,C3,Perennial,Grass,C3,148,Poapalus,Poapa,Native,41151,Poa palustris,Poaceae,Y,Poa pratensis,C3,Perennial,Grass,C3,117,Poaprate,Poapr,Native and/or Introduced,41088,Poa pratensis,Poaceae,Y,Poa sp.,C3,Perennial,Grass,C3,132,Poasp,Poasp,Unknown,,,Poaceae,Y,Polygala polygama,F,Biennial,Non-legume forb,C3,547,Polypoly,Polpo,Native,29308,Polygala polygama,Polygalaceae,Y,Polygala sanquinea,,,,,1011,,,,,,,,Polygala sp.,F,Perennial,Non-legume forb,C3,777,Polygasp,Polsp,Unknown,,,Polygalaceae,Y,Polygonatum biflorum,F,Perennial,Non-legume forb,C3,1041,Polygbif,Polbi,,,,,,Polygonatum canaliculatum,F,Perennial,Non-legume forb,C3,658,Polycana,Polca,Native,519344,Polygonatum canaliculatum,Lilliaceae,Y,Polygonatum sp.,F,Perennial,Non-legume forb,C3,661,Polygosp,Polsp,Unknown,,,Lilliaceae,Y,Polygonella articulata,F,Annual,Non-legume forb,C3,591,Polyarti,Polar,Native,21308,Polygonella articulata,Polygonaceae,Y,Polygonum amphibium,F,,Non-legume forb,C3,691,Polyamph,Polam,Native,20865,Polygonum amphibium,Polygonaceae,Y,Polygonum arifolium,F,Annual,Non-legume forb,C3,713,Polyarif,Polar,Native,20849,Polygonum arifolium,Polygonaceae,Y,Polygonum cilinode,F,Perennial,Non-legume forb,C3,775,Polycili,Polci,Native,20887,Polygonum cilinode,Polygonaceae,Y,Polygonum convolvulus,F,Annual,Non-legume forb,C3,548,Polyconv,Polco,Introduced,20853,Polygonum convolvulus,Polygonaceae,Y,Polygonum hydropiper,F,Annual,Non-legume forb,C3,753,Polyhydr,Polhy,Introduced,20856,Polygonum hydropiper,Polygonaceae,Y,Polygonum lapathafolium,F,Annual,Non-legume forb,C3,714,Polylapa,Polla,Native,20860,Polygonum lapathifolium,Polygonaceae,Y,Polygonum pensylvanicum,F,Annual,Non-legume forb,C3,596,Polypens,Polpe,Native,20861,Polygonum pensylvanicum,Polygonaceae,Y,Polygonum persicaria,F,Annual,Non-legume forb,C3,608,Polypers,Polpe,Introduced,20915,Polygonum persicaria,Polygonaceae,Y,Polygonum sagittatum,F,Annual,Non-legume forb,C3,692,Polysagi,Polsa,Native,20863,Polygonum sagittatum,Polygonaceae,Y,Polygonum scandens,F,Annual,Non-legume forb,C3,659,Polyscan,Polsc,Native,20924,Polygonum scandens,Polygonaceae,Y,Polygonum sp.,F,Annual,Non-legume forb,C3,624,Polygsp2,Polsp,Unknown,,,Polygonaceae,Y,Polygonum tenue,F,Annual,Non-legume forb,C3,597,Polytenu,Polte,Native,20929,Polygonum tenue,Polygonaceae,Y,Polytricum sp.,O,,,C3,5,Polytrsp,Polsp,Unknown,,,Polytrichaceae,Y,Populus balsamifera,W,Perennial,Woody,C3,371,Popubals,Popba,Native,22453,Populus balsamifera,Salicaceae,Y,Populus deltoides,W,Perennial,Woody,C3,307,Popudelt,Popde,Native,22445,Populus deltoides,Salicaceae,Y,Populus grandidentata,W,Perennial,Woody,C3,333,Popugran,Popgr,Native,22463,Populus grandidentata,Salicaceae,Y,Populus tremuloides,W,Perennial,Woody,C3,326,Poputrem,Poptr,Native,195773,Populus tremuloides,Salicaceae,Y,Portulaca oleracea,F,Annual,Non-legume forb,Cx,771,Portoler,Porol,Introduced,20422,Portulaca oleracea,Portulacaceae,Y,Potentilla argentea,F,Perennial,Non-legume forb,C3,598,Potearge,Potar,Introduced,24691,Potentilla argentea,Rosaceae,Y,Potentilla arguta,F,Perennial,Non-legume forb,C3,599,Poteargu,Potar,Native,24692,Potentilla arguta,Rosaceae,Y,Potentilla norvegica,F,Biennial,Non-legume forb,C3,549,Potenorv,Potno,Native,24730,Potentilla norvegica,Rosaceae,Y,Potentilla palustris,F,,Non-legume forb,C3,693,Potepalu,Potpa,Native,24676,Potentilla palustris,Rosaceae,Y,Potentilla recta,F,Perennial,Non-legume forb,C3,550,Poterect,Potre,Introduced,24742,Potentilla recta,Rosaceae,Y,Potentilla simplex,F,Perennial,Non-legume forb,C3,551,Potesimp,Potsi,Native,24751,Potentilla simplex,Rosaceae,Y,Potentilla sp.,F,Perennial,Non-legume forb,C3,618,Potentsp,Potsp,Unknown,,,Rosaceae,Y,Prenanthes alba,,,,,1042,,,,,,,,Prenanthes racemosa,F,Perennial,Non-legume forb,C3,673,Prenrace,Prera,Native,38281,Prenanthes racemosa,Asteraceae,Y,Prunella vulgaris,,,,,1043,,,,,,,,Prunus americana,W,Perennial,Woody,C3,318,Prunamer,Pruam,Native,24763,Prunus americana,Rosaceae,Y,Prunus pensylvanica,W,Perennial,Woody,C3,308,Prunpens,Prupe,Native,24799,Prunus pensylvanica,Rosaceae,Y,Prunus pumila,W,Perennial,Woody,C3,309,Prunpumi,Prupu,Native,504625,Prunus pumila,Rosaceae,Y,Prunus serotina,W,Perennial,Woody,C3,332,Prunsero,Pruse,Native,24764,Prunus serotina,Rosaceae,Y,Prunus sp.,W,Perennial,Woody,C3,310,Prunussp,Prusp,Unknown,,,Rosaceae,Y,Prunus virginiana,W,Perennial,Woody,C3,336,Prunvirg,Pruvi,Native,24806,Prunus virginiana,Rosaceae,Y,Pteridium aquilinum,O,Perennial,,C3,4,Pteraqui,Pteaq,Native,17224,Pteridium aquilinum,Dennstaedtiaceae,Y,Pycnanthemum virginianum,F,Perennial,Non-legume forb,C3,738,Pycnvirg,Pycvi,Native,32670,Pycnanthemum virginianum,Lamiaceae,Y,Pyrola rotundifolia,F,Perennial,Non-legume forb,C3,784,Pyrorotu,Pyrro,Native,23762,Pyrola rotundifolia,Pyrolaceae,Y,Pyrola sp.,F,Perennial,Non-legume forb,C3,670,Pyrolasp,Pyrsp,Unknown,,,Pyrolaceae,Y,Pyrus malus,,,,,1044,,,,,,,,Quercus alba,W,Perennial,Woody,C3,319,Queralba,Queal,Native,19290,Quercus alba,Fagaceae,Y,Quercus borealis,W,Perennial,Woody,C3,300,Querbore,Quebo,Native,19303,Quercus borealis,Fagaceae,Y,Quercus borealis-ellipsoidalis,W,Perennial,Woody,C3,328,Querbor2,Quebo,Native,,,Fagaceae,Y,Quercus elipsoidalis grub,,,,,1006,,,,,,,,Quercus ellipsoidalis,W,Perennial,Woody,C3,301,Querelli,Queel,Native,19327,Quercus ellipsoidalis,Fagaceae,Y,Quercus macrocarpa,W,Perennial,Woody,C3,302,Quermacr,Quema,Native,19287,Quercus macrocarpa,Fagaceae,Y,Quercus macrocarpa grub,,,,,1007,,,,,,,,Quercus sp.,W,Perennial,Woody,C3,320,Quercusp,Quesp,Native,,,Fagaceae,Y,Ranunculus rhomboideus,F,Perennial,Non-legume forb,C3,626,Ranurhom,Ranrh,Native,18643,Ranunculus rhomboideus,Ranunculaceae,Y,Ratibida pinnata,F,Perennial,Non-legume forb,C3,739,Ratipinn,Ratpi,Native,38343,Ratibida pinnata,Asteraceae,Y,Real Weeds,,,,,997,,,Unknown,,,,,"Used for Exp 141; 16 planted species are taxa 501, 100, 400, 102, 504, 510, 139, 105, 145, 403, 417, 416, 117, 103, 562, 120"Reproductive stem,,,,,813,Reprstem,Repst,Unknown,,,,Y,Rhamnus cathartica,W,Perennial,Woody,C3,377,Rhamcath,Rhaca,Introduced,28573,Rhamnus cathartica,Rhamnaceae,Y,Rhamnus frangula,W,Perennial,Woody,C3,375,Rhamfran,Rhafr,Introduced,28579,Rhamnus frangula,Rhamnaceae,Y,Rhamnus sp.,W,Perennial,Woody,C3,376,Rhamnusp,Rhasp,Introduced,,,Rhamnaceae,Y,Rhus glabra,W,Perennial,Woody,C3,303,Rhusglab,Rhugl,Native,28782,Rhus glabra,Anacardiaceae,Y,Rhus radicans,W,Perennial,Woody,C3,315,Rhusradi,Rhura,Native,28776,Rhus radicans,Anacardiaceae,Y,Rhus sp.,W,Perennial,Woody,C3,358,Rhussp,Rhusp,Unknown,,,Anacardiaceae,Y,Rhus typhina,,,,,1045,,,,,,,,Ribes hirtellum,W,Perennial,Woody,C3,356,Ribehirt,Ribhi,Native,24470,Ribes hirtellum,Saxifragaceae,Y,Robinia pseudacacia,,,,,1046,,,,,,,,Roots,,,,,803,Roots,Roots,Unknown,,,,N,Rosa arkansana,W,Perennial,Woody,C3,304,Rosaarka,Rosar,Native,24815,Rosa arkansana,Rosaceae,Y,Rosa blanda,W,Perennial,Woody,C3,338,Rosablan,Rosbl,Native,24816,Rosa blanda,Rosaceae,Y,Rosa carolina,,,,,1047,,,,,,,,Rubus alleghaniensis,,,,,1048,,,,,,,,Rubus canadensis,,,,,1049,,,,,,,,Rubus flagellaris,W,Perennial,Woody,C3,311,Rubuflag,Rubfl,Native,24921,Rubus flagellaris,Rosaceae,Y,Rubus idaeus,W,Perennial,Woody,C3,364,Rubuidae,Rubid,Native,24947,Rubus idaeus,Rosaceae,Y,Rubus occidentalis,W,Perennial,Woody,C3,316,Rubuocci,Ruboc,Native,24854,Rubus occidentalis,Rosaceae,Y,Rubus pubescens,,,,,1050,,,,,,,,Rubus sp.,W,Perennial,Woody,C3,305,Rubussp,Rubsp,Native,,,Rosaceae,Y,Rubus strigosus,W,Perennial,Woody,C3,367,Rubustri,Rubst,Native,25056,Rubus strigosus,Rosaceae,Y,Rudbeckia hirta,,,,,1051,,,,,,,,Rudbeckia serotina,F,Perennial,Non-legume forb,C3,552,Rudbsero,Rudse,Native,36766,Rudbeckia serotina,Asteraceae,Y,Rumex acetosella,F,Perennial,Non-legume forb,C3,553,Rumeacet,Rumac,Introduced,20934,Rumex acetosella,Polygonaceae,Y,Rumex mexicanus,F,Perennial,Non-legume forb,C3,715,Rumemexi,Rumme,Native,20966,Rumex mexicanus,Polygonaceae,Y,Rumex orbiculatus,F,Perennial,Non-legume forb,C3,694,Rumeorbi,Rumor,Native,20967,Rumex orbiculatus,Polygonaceae,Y,Rumex sp.,F,,Non-legume forb,C3,695,Rumexsp,Rumsp,Unknown,,,Polygonaceae,Y,Sagittaria latifolia,F,,Non-legume forb,C3,696,Sagilati,Sagla,Native,38908,Sagittaria latifolia,Alismataceae,Y,Salix bebbiana,W,Perennial,Woody,C3,349,Salibebb,Salbe,Native,22507,Salix bebbiana,Salicaceae,Y,Salix discolor,W,Perennial,Woody,C3,362,Salidisc,Saldi,Native,22524,Salix discolor,Salicaceae,Y,Salix gracilis,W,Perennial,Woody,C3,350,Saligrac,Salgr,Native,520819,Salix gracilis,Salicaceae,Y,Salix humilis,W,Perennial,Woody,C3,368,Salihumi,Salhu,Native,22546,Salix humilis,Salicaceae,Y,Salix interior,W,Perennial,Woody,C3,363,Saliinte,Salin,Native,520829,Salix interior,Salicaceae,Y,Salix pedicellaris,W,Perennial,Woody,C3,351,Salipedi,Salpe,Native,22564,Salix pedicellaris,Salicaceae,Y,Salix pyrifolia,W,Perennial,Woody,C3,357,Salipyri,Salpy,Native,22575,Salix pyrifolia,Salicaceae,Y,Salix serrisima,W,Perennial,Woody,C3,370,Saliserr,Salse,Native,22581,Salix serissima,Salicaceae,Y,Salix sp.,W,Perennial,Woody,C3,321,Salixsp,Salsp,Native,,,Salicaceae,Y,Salsola kali,F,Annual,Non-legume forb,C4,687,Salskali,Salka,Introduced,20655,Salsola kali,Chenopodiaceae,Y,Saxifraga pensylvanica,F,Perennial,Non-legume forb,C3,716,Saxipens,Saxpe,Native,24234,Saxifraga pensylvanica,Saxifragaceae,Y,Schizachne purpurascens,,,,,1052,,,,,,,,Schizachyrium scoparium,C4,Perennial,Grass,C4,103,Schiscop,Schsc,Native,42076,Schizachyrium scoparium,Poaceae,Y,Scirpus cyperinus,S,Perennial,Sedge,C3,249,Scircype,Scicy,Native,40228,Scirpus cyperinus,Cyperaceae,Y,Scirpus validus,S,Perennial,Sedge,C3,248,Scirvali,Sciva,Native,40239,Scirpus validus,Cyperaceae,Y,Scleria triglomerata,S,Perennial,Sedge,C4,250,Scletrig,Scltr,Native,40318,Scleria triglomerata,Cyperaceae,Y,Scutellaria galericulata,F,Perennial,Non-legume forb,C3,717,Scutgale,Scuga,Native,32798,Scutellaria galericulata,Lamiaceae,Y,Scutellaria lateriflora,F,Perennial,Non-legume forb,C3,601,Scutlate,Scula,Native,32765,Scutellaria lateriflora,Lamiaceae,Y,Scutellaria parvula,F,Perennial,Non-legume forb,C3,554,Scutparv,Scupa,Native,32776,Scutellaria parvula,Lamiaceae,Y,Secale cereale,C3,Annual,Grass,C3,144,Secacere,Secce,Introduced,42090,Secale cereale,Poaceae,Y,Sedges,S,,Sedge,,900,Sedges,Sedge,Unknown,,,Cyperaceae,Y,Seed contaminant - forb,,,,,995,,,Unknown,,,,,Used for Exp 141Seed contaminant - grass,,,Grass,,994,,,Unknown,,,,,Used for Exp 141Seedlings,,,,,806,Seedlin,Seedl,Unknown,,,,Y,Senecio aureus,F,Perennial,Non-legume forb,C3,555,Seneaure,Senau,Native,36091,Senecio aureus,Asteraceae,Y,Senecio pauperculus,F,Perennial,Non-legume forb,C3,556,Senepaup,Senpa,Native,36168,Senecio pauperculus,Asteraceae,Y,Senecio sp.,F,Perennial,Non-legume forb,C3,656,Senecisp,Sensp,Unknown,,,Asteraceae,Y,Setaria italica,C4,Annual,Grass,C4,153,Setaital,Setit,Introduced,41248,Setaria italica,Poaceae,Y,Setaria lutescens (glauca),C4,Annual,Grass,C4,118,Setalute,Setlu,Introduced,565884,Setaria glauca,Poaceae,Y,Setaria sp.,C4,Annual,Grass,C4,137,Setarisp,Setsp,Unknown,,,Poaceae,Y,Setaria viridis,C4,Annual,Grass,C4,119,Setaviri,Setvi,Introduced,41231,Setaria viridis,Poaceae,Y,Silene antirrhina,F,Annual,Non-legume forb,C3,557,Sileanti,Silan,Native,20045,Silene antirrhina,Caryophyllaceae,Y,Silene sp.,F,,Non-legume forb,C3,749,Silenesp,Silsp,Unknown,,,Caryophyllaceae,Y,Sisymbrium altissimum,F,Biennial,Non-legume forb,C3,600,Sisyalti,Sisal,Introduced,23312,Sisymbrium altissimum,Brassicaceae,Y,Sisyrinchium campestre,F,Perennial,Non-legume forb,C3,558,Sisycamp,Sisca,Native,43254,Sisyrinchium campestre,Iridaceae,Y,Smilacina racemosa,F,Perennial,Non-legume forb,C3,623,Smilrace,Smira,Native,43036,Smilacina racemosa,Lilliaceae,Y,Smilacina stellata,F,Perennial,Non-legume forb,C3,559,Smilstel,Smist,Native,43038,Smilacina stellata,Lilliaceae,Y,Smilax herbacea,F,Perennial,Non-legume forb,C3,705,Smilherb,Smihe,Native,43356,Smilax herbacea,Lilliaceae,Y,Solanum americanum,F,Annual,Non-legume forb,C3,613,Solaamer,Solam,Native,565523,Solanum americanum,Solanaceae,Y,Solanum caroliniense,F,Perennial,Non-legume forb,C3,744,Solacaro,Solca,Introduced,30413,Solanum carolinense,Solanaceae,Y,Solanum dulcamara,F,Annual,Non-legume forb,C3,664,Soladulc,Soldu,Introduced,30414,Solanum dulcamara,Solanaceae,Y,Solanum nigrum,,,,,1055,,,,,,,,Solidago altissima,F,Perennial,Non-legume forb,C3,761,Solialti,Solal,Native,36228,Solidago altissima,Asteraceae,Y,Solidago canadensis,F,Perennial,Non-legume forb,C3,603,Solicana,Solca,Native,36224,Solidago canadensis,Asteraceae,Y,Solidago gigantea,F,Perennial,Non-legume forb,C3,560,Soligiga,Solgi,Native,36259,Solidago gigantea,Asteraceae,Y,Solidago graminifolia,F,Perennial,Non-legume forb,C3,604,Soligram,Solgr,Native,521716,Solidago graminifolia,Asteraceae,Y,Solidago juncea,,,,,1053,,,,,,,,Solidago missouriensis,F,Perennial,Non-legume forb,C3,650,Solimiss,Solmi,Native,36277,Solidago missouriensis,Asteraceae,Y,Solidago nemoralis,F,Perennial,Non-legume forb,C3,561,Solinemo,Solne,Native,36281,Solidago nemoralis,Asteraceae,Y,Solidago rigida,F,Perennial,Non-legume forb,C3,562,Solirigi,Solri,Native,36297,Solidago rigida,Asteraceae,Y,Solidago sp.,F,Perennial,Non-legume forb,C3,605,Solidasp,Solsp,Native,,,Asteraceae,Y,Solidago speciosa,F,Perennial,Non-legume forb,C3,563,Solispec,Solsp,Native,36310,Solidago speciosa,Asteraceae,Y,Sonchus arvensis,,,,,1056,,,,,,,,Sorghastrum nutans,C4,Perennial,Grass,C4,120,Sorgnuta,Sornu,Native,42102,Sorghastrum nutans,Poaceae,Y,Spartina pectinata,C4,Perennial,Grass,C4,149,Sparpect,Spape,Native,41272,Spartina pectinata,Poaceae,Y,Sphagnum sp.,O,,,C3,15,Sphagnsp,Sphsp,Unknown,,,Sphagnaceae,N,Spiraea alba,W,Perennial,Woody,C3,348,Spiralba,Spial,Native,25329,Spiraea alba,Rosaceae,Y,Spiraea tomentosa,W,Perennial,Woody,C3,352,Spirtome,Spito,Native,25342,Spiraea tomentosa,Rosaceae,Y,Sporobolus cryptandrus,C4,Perennial,Grass,C4,121,Sporcryp,Spocr,Native,42132,Sporobolus cryptandrus,Poaceae,Y,Sporobolus heterolepis,C4,Perennial,Grass,C4,152,Sporhete,Spohe,Native,42119,Sporobolus heterolepis,Poaceae,Y,Sporobolus sp.,C4,Perennial,Grass,C4,133,Sporobsp,Sposp,Native,,,Poaceae,Y,Stachys palustris,F,Perennial,Non-legume forb,C3,602,Stacpalu,Stapa,Native,32344,Stachys palustris,Lamiaceae,Y,Stachys sp.,F,,Non-legume forb,C3,752,Stachysp,Stasp,Unknown,,,Lamiaceae,Y,Stachys tenuifolia,,,,,1057,,,,,,,,Stellaria longifolia,F,Perennial,Non-legume forb,C3,564,Stellong,Stelo,Native,20185,Stellaria longifolia,Caryophyllaceae,Y,Stellaria media,F,,Non-legume forb,C3,779,Stelmedi,Steme,Introduced,20169,Stellaria media,Caryophyllaceae,Y,Stems,,,,,801,Stems,Stems,Unknown,,,,N,Stipa comata,C3,Perennial,Grass,C3,165,Stipcoma,Stico,Native,42172,Stipa comata,Poaceae,Y,Stipa spartea,C3,Perennial,Grass,C3,122,Stipspar,Stisp,Native,42166,Stipa spartea,Poaceae,Y,Stipa spicata,C3,Perennial,Grass,C3,166,Stipspic,Stisp,Native,565572,Trachypogon spicatus,Poaceae,Y,Streptopus roseus,,,,,1058,,,,,,,,Strophostyles leiosperma,L,Annual,Legume,C3,412,Stroleio,Strle,Native,26203,Strophostyles leiosperma,Fabaceae,Y,Symphoricarpos occidentalis,,,,,1009,,,,,,,,Taraxacum sp.,,,,,1001,,,,,,,,Taraxicum officinalis,F,Perennial,Non-legume forb,C3,630,Taraoffi,Tarof,Introduced,36213,Taraxacum officinale,Asteraceae,Y,Thalictrum dasycarpum,F,Perennial,Non-legume forb,C3,740,Thaldasy,Thada,Native,18667,Thalictrum dasycarpum,Ranunculaceae,Y,Thalictrum dioicum,F,Perennial,Non-legume forb,C3,718,Thaldioi,Thadi,Native,18669,Thalictrum dioicum,Ranunculaceae,Y,Thelypteris palustris,O,Perennial,,C3,13,Thelpalu,Thepa,Native,17251,Thelypteris palustris,Aspleniaceae,Y,Toothpick (t.p.),,,,,993,Toothpit,Tooth,Unknown,,,,N,Tradescantia bracteata,F,Perennial,Non-legume forb,C3,565,Tradbrac,Trabr,Native,39157,Tradescantia bracteata,Commelinaceae,Y,Tradescantia occidentalis,F,Perennial,Non-legume forb,C3,566,Tradocci,Traoc,Native,39168,Tradescantia occidentalis,Commelinaceae,Y,Tradescantia sp.,F,,Non-legume forb,C3,745,Tradessp,Trasp,Unknown,,,Commelinaceae,Y,Tragopogon dubius (major),F,Biennial,Non-legume forb,C3,567,Tragdubi,Tradu,Introduced,38564,Tragopogon dubius,Asteraceae,Y,Triadenum fraseri,F,Perennial,Non-legume forb,C3,697,Triafras,Trifr,Native,21473,Triadenum fraseri,Clusiaceae,Y,Trientalis borealis,F,Perennial,Non-legume forb,C3,660,Triebore,Tribo,Native,24053,Trientalis borealis,Primulaceae,Y,Trifolium arvense,L,Annual,Legume,C3,410,Trifarve,Triar,Introduced,26221,Trifolium arvense,Fabaceae,Y,Trifolium hybridum,L,Perennial,Legume,C3,413,Trifhybr,Trihy,Introduced,26261,Trifolium hybridum,Fabaceae,Y,Trifolium pratense,L,Perennial,Legume,C3,404,Trifprat,Tripr,Introduced,26313,Trifolium pratense,Fabaceae,Y,Trifolium repens,L,Perennial,Legume,C3,405,Trifrepe,Trire,Introduced,26206,Trifolium repens,Fabaceae,Y,Trifolium sp.,L,Perennial,Legume,C3,409,Trifolsp,Trisp,Introduced,,,Fabaceae,Y,Typha glauca,F,Perennial,Non-legume forb,C3,700,Typhglau,Typgl,Native,42328,Typha glauca,Typhaceae,Y,Typha latifolia,F,Perennial,Non-legume forb,C3,701,Typhlati,Typla,Native,42326,Typha latifolia,Typhaceae,Y,Typha sp.,F,,Non-legume forb,C3,766,Typhasp,Typsp,Unknown,,,Typhaceae,Y,Ulmus americana,W,Perennial,Woody,C3,360,Ulmuamer,Ulmam,Native,19049,Ulmus americana,Ulmaceae,Y,Ulmus pumila,W,Perennial,Woody,C3,314,Ulmupumi,Ulmpu,Introduced,19057,Ulmus pumila,Ulmaceae,Y,Ulmus sp.,W,Perennial,Woody,C3,381,Ulmussp,Ulmsp,Unknown,,,,Y,Unsorted biomass,,,,,91,Unsobiom,unsbi,,,,,Y,Urtica dioica,F,Perennial,Non-legume forb,C3,707,Urtidioi,Urtdi,Native,19152,Urtica dioica,Urticaceae,Y,Urtica gracilis,,,,,1002,,,,,,,,Utricularia sp.,F,,Non-legume forb,C3,754,Utricusp,Utrsp,Unknown,,,Lentibulariaceae,Y,Uvularia sessifolia,F,Perennial,Non-legume forb,C3,668,Uvulsess,Uvuse,Native,43112,Uvularia sessilifolia,Lilliaceae,Y,Vaccinium angustifolium,W,Perennial,Woody,C3,335,Vaccangu,Vacan,Native,23579,Vaccinium angustifolium,Ericaceae,Y,Vaccinium myrtilloides,W,Perennial,Woody,C3,312,Vaccmyrt,Vacmy,Native,23604,Vaccinium myrtilloides,Ericaceae,Y,Vaccinium sp.,W,Perennial,Woody,C3,354,Vaccinsp,Vacsp,Native,,,Ericaceae,Y,Verbascum thapsus,F,Biennial,Non-legume forb,C3,568,Verbthap,Verth,Introduced,33394,Verbascum thapsus,Scrophulariaceae,Y,Verbena bracteata,F,Perennial,Non-legume forb,C3,586,Verbbrac,Verbr,Native,32085,Verbena bracteata,Verbenaceae,Y,Verbena hastata,F,Perennial,Non-legume forb,C3,698,Verbhast,Verha,Native,32071,Verbena hastata,Verbenaceae,Y,Verbena stricta,F,Perennial,Non-legume forb,C3,741,Verbstri,Verst,Native,32078,Verbena stricta,Verbenaceae,Y,Vernonia fasciculata,F,Perennial,Non-legume forb,C3,742,Vernfasc,Verfa,Native,38629,Vernonia fasciculata,Asteraceae,Y,Veronicastrum virginicum,F,Perennial,Non-legume forb,C3,655,Verovirg,Vervi,Native,34073,Veronicastrum virginicum,Verbenaceae,Y,Viburnum lentago,W,Perennial,Woody,C3,383,Vibulent,Vible,Native,,,,Y,Vicia angustifolia,L,Annual,Legume,C3,408,Viciangu,Vican,Introduced,26330,Vicia angustifolia,Fabaceae,Y,Vicia villosa,L,Annual,Legume,C3,406,Vicivill,Vicvi,Introduced,26360,Vicia villosa,Fabaceae,Y,Viola pallens,F,Perennial,Non-legume forb,C3,719,Violpall,Viopa,Native,22124,Viola pallens,Violaceae,Y,Viola palustris,,,,,1054,,,,,,,,Viola pedata,F,Perennial,Non-legume forb,C3,610,Violpeda,Viope,Native,22130,Viola pedata,Violaceae,Y,Viola pedatifida,F,Perennial,Non-legume forb,C3,570,Violped2,Viope,Native,22131,Viola pedatifida,Violaceae,Y,Viola sagittata,F,Perennial,Non-legume forb,C3,606,Violsagi,Viosa,Native,22162,Viola sagittata,Violaceae,Y,Viola Selkirkii,,,,,1003,,,,,,,,Viola sp.,F,Perennial,Non-legume forb,C3,569,Violasp,Viosp,Unknown,,,Violaceae,Y,Vitis riparia,W,Perennial,Woody,C3,342,Vitiripa,Vitri,Native,28624,Vitis riparia,Vitaceae,Y,Weeds,,,,,811,Weeds,Weeds,Unknown,,,,Y,Woody,W,Perennial,Woody,,910,Woody,Woody,Unknown,,,,Y,Woody debris,,,,,92,Wooddebr,Woode,Unknown,,,,N,Xyris torta,C3,Perennial,Grass,C3,134,Xyritort,Xyrto,Native,39117,Xyris torta,Poaceae,Y,Zanthoxylum americanum,W,Perennial,Woody,C3,344,Zantamer,Zanam,Native,505788,Zanthoxylum americanum,Rutaceae,Y,Zizia aptera,F,Perennial,Non-legume forb,C3,680,Ziziapte,Zizap,Native,29905,Zizia aptera,Apiaceae,Y,Zizia aurea,F,Perennial,Non-legume forb,C3,743,Ziziaure,Zizau,Native,29906,Zizia aurea,Apiaceae,Y,